{
                      "": [ "CommonData", "FC3" ],
                 "A-10A": [ "CommonData", "FC3", "NS430" ],
                 "A-10C": [ "CommonData", "A-10C" ],
               "A-10C_2": [ "CommonData", "A-10C" ],
                 "A-29B": [ "CommonData", "A-29B" ],
                "A-4E-C": [ "CommonData", "A-4E-C" ],
                "AC_130": [ "CommonData", "FC3" ],
                  "AH-6": [ "CommonData", "AH-6J" ],
         "AH-64D_BLK_II": [ "CommonData", "AH-64D" ],
                 "AJS37": [ "CommonData", "AJS37", "NS430" ],
                "AV8BNA": [ "CommonData", "AV8BNA", "NS430" ],
              "Alphajet": [ "CommonData", "Alphajet" ],
              "Bell47_2": [ "CommonData", "UH-1H" ],
             "Bf-109K-4": [ "CommonData", "Bf-109K-4", "NS430" ],
             "BlackHawk": [ "CommonData", "AH-6J" ],
         "Bronco-OV-10A": [ "CommonData", "FC3" ],
               "C-101CC": [ "CommonData", "C-101", "NS430" ],
               "C-101EB": [ "CommonData", "C-101", "NS430" ],
           "Cessna_210N": [ "CommonData", "FC3" ],
     "Christen Eagle II": [ "CommonData", "Christen Eagle II", "NS430" ],
                   "DC3": [ "CommonData", "FC3" ],
                "EA-18G": [ "CommonData", "FA-18C_hornet" ],
               "Edge540": [ "CommonData", "Edge540" ],
            "Extra330SR": [ "CommonData", "Edge540" ],
                "F-117A": [ "CommonData", "FC3" ],
          "F-14A-135-GR": [ "CommonData", "F-14", "NS430" ],
                 "F-14B": [ "CommonData", "F-14", "NS430" ],
                 "F-15C": [ "CommonData", "FC3", "NS430" ],
               "F-15ESE": [ "CommonData", "F-15E" ],
                 "F-16A": [ "CommonData", "FC3" ],
              "F-16C_50": [ "CommonData", "F-16C_50" ],
              "F-16D_50": [ "CommonData", "F-16C_50" ],
           "F-16D_50_NS": [ "CommonData", "F-16C_50" ],
              "F-16D_52": [ "CommonData", "F-16C_50" ],
           "F-16D_52_NS": [ "CommonData", "F-16C_50" ],
        "F-16D_Barak_30": [ "CommonData", "F-16C_50" ],
        "F-16D_Barak_40": [ "CommonData", "F-16C_50" ],
                 "F-16I": [ "CommonData", "F-16C_50" ],
                 "F-22A": [ "CommonData", "F-22A" ],
                  "F-2A": [ "CommonData", "FC3" ],
                  "F-2B": [ "CommonData", "FC3" ],
                "F-5E-3": [ "CommonData", "F-5E-3", "NS430" ],
           "F-86F Sabre": [ "CommonData", "F-86F Sabre", "NS430" ],
                   "F4e": [ "CommonData", "FC3" ],
         "FA-18C_hornet": [ "CommonData", "FA-18C_hornet" ],
                "FA-18E": [ "CommonData", "FA-18C_hornet" ],
                "FA-18F": [ "CommonData", "FA-18C_hornet" ],
                "FA_18D": [ "CommonData", "FC3" ],
              "FW-190A8": [ "CommonData", "FW-190A8", "NS430" ],
              "FW-190D9": [ "CommonData", "FW-190D9", "NS430" ],
             "FlankerEx": [ "CommonData", "FC3" ],
                "Flyer1": [ "CommonData", "FC3" ],
                  "Hawk": [ "CommonData" ],
                  "I-16": [ "CommonData", "I-16", "NS430" ],
                 "J-11A": [ "CommonData", "FC3", "NS430" ],
                 "J-20A": [ "CommonData", "FC3" ],
                 "JF-17": [ "CommonData", "JF-17", "NS430" ],
                 "Ka-50": [ "CommonData", "Ka-50" ],
               "Ka-50_3": [ "CommonData", "Ka-50" ],
                 "L-39C": [ "CommonData", "L-39", "NS430" ],
                "L-39ZA": [ "CommonData", "L-39", "NS430" ],
               "M-2000C": [ "CommonData", "M-2000C", "NS430" ],
               "MB-339A": [ "CommonData", "MB-339" ],
            "MB-339APAN": [ "CommonData", "MB-339" ],
             "MB-339PAN": [ "CommonData", "FC3" ],
                "MH-60R": [ "CommonData", "MH-60R" ],
          "MQ9_PREDATOR": [ "CommonData", "FC3" ],
                "Mi-24P": [ "CommonData", "Mi-24P", "NS430" ],
                "Mi-8MT": [ "CommonData", "Mi-8MT", "NS430" ],
              "Mi-8MTV2": [ "CommonData", "Mi-8MT" ],
             "MiG-15bis": [ "CommonData", "MiG-15bis", "NS430" ],
               "MiG-19P": [ "CommonData", "MiG-19P", "NS430" ],
             "MiG-21Bis": [ "CommonData", "MiG-21Bis", "NS430" ],
               "MiG-29A": [ "CommonData", "FC3", "NS430" ],
               "MiG-29G": [ "CommonData", "FC3", "NS430" ],
               "MiG-29S": [ "CommonData", "FC3", "NS430" ],
              "Mig-23UB": [ "CommonData", "FC3" ],
           "Mirage-F1BE": [ "CommonData", "MirageF1" ],
           "Mirage-F1CE": [ "CommonData", "MirageF1" ],
           "Mirage-F1EE": [ "CommonData", "MirageF1" ],
              "MirageF1": [ "CommonData", "FC3" ],
            "MirageF1CT": [ "CommonData", "FC3" ],
        "MosquitoFBMkVI": [ "CommonData", "Mosquito" ],
                  "NONE": [ "CommonData", "FC3" ],
                 "NS430": [ "CommonData" ],
         "NS430_C-101CC": [ "CommonData" ],
         "NS430_C-101EB": [ "CommonData" ],
           "NS430_L-39C": [ "CommonData" ],
        "NS430_MI-8MTV2": [ "CommonData" ],
           "NS430_SA342": [ "CommonData" ],
              "P-47D-30": [ "CommonData", "NS430", "P-47D" ],
           "P-47D-30bl1": [ "CommonData", "NS430", "P-47D" ],
              "P-47D-40": [ "CommonData", "NS430", "P-47D" ],
                 "P-51D": [ "CommonData", "NS430", "P-51D" ],
           "P-51D-30-NA": [ "CommonData", "NS430", "P-51D" ],
              "REISEN52": [ "CommonData", "FC3" ],
       "RST_Eurofighter": [ "CommonData", "FC3" ],
    "RST_Eurofighter_AG": [ "CommonData", "FC3" ],
            "Rafale_A_S": [ "CommonData", "FC3" ],
              "Rafale_B": [ "CommonData", "FC3" ],
              "Rafale_C": [ "CommonData", "FC3" ],
              "Rafale_M": [ "CommonData", "FC3" ],
                "SA342L": [ "CommonData", "NS430", "SA342" ],
                "SA342M": [ "CommonData", "NS430", "SA342" ],
          "SA342Minigun": [ "CommonData", "NS430", "SA342" ],
          "SA342Mistral": [ "CommonData", "NS430", "SA342" ],
        "SpitfireLFMkIX": [ "CommonData", "NS430", "SpitfireLFMkIX" ],
      "SpitfireLFMkIXCW": [ "CommonData", "NS430", "SpitfireLFMkIX" ],
                 "Su-25": [ "CommonData", "FC3", "NS430" ],
                "Su-25T": [ "CommonData", "FC3", "NS430" ],
                 "Su-27": [ "CommonData", "FC3", "NS430" ],
                "Su-30M": [ "CommonData", "FC3" ],
               "Su-30MK": [ "CommonData", "FC3" ],
               "Su-30SM": [ "CommonData", "FC3" ],
                 "Su-33": [ "CommonData", "FC3", "NS430" ],
                 "Su-57": [ "CommonData", "FC3" ],
        "Super_Etendard": [ "CommonData", "FC3" ],
          "Supercarrier": [ "CommonData" ],
                   "T-4": [ "CommonData", "FC3" ],
                  "T-45": [ "CommonData", "VNAO_T-45" ],
                "TF-51D": [ "CommonData", "NS430", "P-51D" ],
                 "UH-1H": [ "CommonData", "NS430", "UH-1H" ],
                "UH-60L": [ "CommonData", "MH-60R" ],
       "VNAO_Ready_Room": [ "CommonData", "VNAO_Room" ],
       "VSN_AJS37Viggen": [ "CommonData", "FC3" ],
              "VSN_C17A": [ "CommonData", "FC3" ],
         "VSN_C5_Galaxy": [ "CommonData", "FC3" ],
               "VSN_E2D": [ "CommonData", "FC3" ],
       "VSN_Eurofighter": [ "CommonData", "FC3" ],
    "VSN_Eurofighter_AG": [ "CommonData", "FC3" ],
             "VSN_F104G": [ "CommonData", "FC3" ],
          "VSN_F104G_AG": [ "CommonData", "FC3" ],
             "VSN_F104S": [ "CommonData", "FC3" ],
          "VSN_F104S_AG": [ "CommonData", "FC3" ],
             "VSN_F105D": [ "CommonData", "FC3" ],
             "VSN_F105G": [ "CommonData", "FC3" ],
              "VSN_F14A": [ "CommonData", "FC3" ],
              "VSN_F14B": [ "CommonData", "FC3" ],
              "VSN_F15E": [ "CommonData", "FC3" ],
           "VSN_F15E_AA": [ "CommonData", "FC3" ],
              "VSN_F16A": [ "CommonData", "FC3" ],
           "VSN_F16AMLU": [ "CommonData", "FC3" ],
          "VSN_F16CBL50": [ "CommonData", "FC3" ],
         "VSN_F16CBL52D": [ "CommonData", "FC3" ],
         "VSN_F16CMBL50": [ "CommonData", "FC3" ],
               "VSN_F22": [ "CommonData", "FC3" ],
              "VSN_F35A": [ "CommonData", "FC3" ],
           "VSN_F35A_AG": [ "CommonData", "FC3" ],
              "VSN_F35B": [ "CommonData", "FC3" ],
           "VSN_F35B_AG": [ "CommonData", "FC3" ],
               "VSN_F4E": [ "CommonData", "FC3" ],
            "VSN_F4E_AG": [ "CommonData", "FC3" ],
               "VSN_F5E": [ "CommonData", "FC3" ],
               "VSN_F5N": [ "CommonData", "FC3" ],
             "VSN_FA18C": [ "CommonData", "FC3" ],
          "VSN_FA18C_AG": [ "CommonData", "FC3" ],
       "VSN_FA18C_Lot20": [ "CommonData", "FC3" ],
             "VSN_FA18F": [ "CommonData", "FC3" ],
          "VSN_FA18F_AG": [ "CommonData", "FC3" ],
           "VSN_Harrier": [ "CommonData", "FC3" ],
             "VSN_M2000": [ "CommonData", "FC3" ],
               "VSN_P3C": [ "CommonData", "FC3" ],
              "VSN_Su47": [ "CommonData", "FC3" ],
        "VSN_TornadoGR4": [ "CommonData", "FC3" ],
        "VSN_TornadoIDS": [ "CommonData", "FC3" ],
               "VSN_UFO": [ "CommonData", "FC3" ],
                "Yak-52": [ "CommonData", "NS430", "Yak-52" ]
}