{
    "Altitude": {
                    "ALT_MSL_FT": {
                                          "category": "Altitude",
                                      "control_type": "metadata",
                                       "description": "Altitude MSL (ft)",
                                        "identifier": "ALT_MSL_FT",
                                            "inputs": [  ],
                                           "outputs": [ {
                                                                                "address": 1076,
                                                                     "address_identifier": "CommonData_ALT_MSL_FT_A",
                                                          "address_mask_shift_identifier": "CommonData_ALT_MSL_FT",
                                                                            "description": "Altitude MSL (ft)",
                                                                                   "mask": 65535,
                                                                              "max_value": 65535,
                                                                               "shift_by": 0,
                                                                                 "suffix": "",
                                                                                   "type": "integer"
                                                      } ]
                                  }
                },
     "Heading": {
                         "HDG_DEG": {
                                            "category": "Heading",
                                        "control_type": "metadata",
                                         "description": "Heading (Degrees)",
                                          "identifier": "HDG_DEG",
                                              "inputs": [  ],
                                             "outputs": [ {
                                                                                  "address": 1078,
                                                            "address_mask_shift_identifier": "CommonData_HDG_DEG",
                                                                              "description": "Heading (Degrees)",
                                                                                     "mask": 511,
                                                                                "max_value": 360,
                                                                                 "shift_by": 0,
                                                                                   "suffix": "",
                                                                                     "type": "integer"
                                                        } ]
                                    },
                    "HDG_DEG_FRAC": {
                                            "category": "Heading",
                                        "control_type": "metadata",
                                         "description": "Heading (Fractional Degrees, divide by 127)",
                                          "identifier": "HDG_DEG_FRAC",
                                              "inputs": [  ],
                                             "outputs": [ {
                                                                                  "address": 1078,
                                                            "address_mask_shift_identifier": "CommonData_HDG_DEG_FRAC",
                                                                              "description": "Heading (Fractional Degrees, divide by 127)",
                                                                                     "mask": 65024,
                                                                                "max_value": 127,
                                                                                 "shift_by": 9,
                                                                                   "suffix": "",
                                                                                     "type": "integer"
                                                        } ]
                                    }
                },
    "Metadata": {
                     "DCS_BIOS": {
                                         "category": "Metadata",
                                     "control_type": "display",
                                      "description": "DCS Bios Version",
                                       "identifier": "DCS_BIOS",
                                           "inputs": [  ],
                                          "outputs": [ {
                                                                    "address": 1024,
                                                         "address_identifier": "CommonData_DCS_BIOS_A",
                                                                "description": "DCS Bios Version",
                                                                 "max_length": 6,
                                                                     "suffix": "",
                                                                       "type": "string"
                                                     } ]
                                 },
                    "PILOTNAME": {
                                         "category": "Metadata",
                                     "control_type": "display",
                                      "description": "Pilot Name",
                                       "identifier": "PILOTNAME",
                                           "inputs": [  ],
                                          "outputs": [ {
                                                                    "address": 1030,
                                                         "address_identifier": "CommonData_PILOTNAME_A",
                                                                "description": "Pilot Name",
                                                                 "max_length": 24,
                                                                     "suffix": "",
                                                                       "type": "string"
                                                     } ]
                                 }
                },
    "Position": {
                         "LAT_DEG": {
                                            "category": "Position",
                                        "control_type": "metadata",
                                         "description": "Latitude Degrees",
                                          "identifier": "LAT_DEG",
                                              "inputs": [  ],
                                             "outputs": [ {
                                                                                  "address": 1054,
                                                            "address_mask_shift_identifier": "CommonData_LAT_DEG",
                                                                              "description": "Latitude Degrees",
                                                                                     "mask": 32512,
                                                                                "max_value": 90,
                                                                                 "shift_by": 8,
                                                                                   "suffix": "",
                                                                                     "type": "integer"
                                                        } ]
                                    },
                         "LAT_SEC": {
                                            "category": "Position",
                                        "control_type": "metadata",
                                         "description": "Latitude Seconds",
                                          "identifier": "LAT_SEC",
                                              "inputs": [  ],
                                             "outputs": [ {
                                                                                  "address": 1056,
                                                            "address_mask_shift_identifier": "CommonData_LAT_SEC",
                                                                              "description": "Latitude Seconds",
                                                                                     "mask": 63,
                                                                                "max_value": 59,
                                                                                 "shift_by": 0,
                                                                                   "suffix": "",
                                                                                     "type": "integer"
                                                        } ]
                                    },
                    "LAT_SEC_FRAC": {
                                            "category": "Position",
                                        "control_type": "metadata",
                                         "description": "Latitude Fractional Seconds (divide by 65535)",
                                          "identifier": "LAT_SEC_FRAC",
                                              "inputs": [  ],
                                             "outputs": [ {
                                                                                  "address": 1058,
                                                                       "address_identifier": "CommonData_LAT_SEC_FRAC_A",
                                                            "address_mask_shift_identifier": "CommonData_LAT_SEC_FRAC",
                                                                              "description": "Latitude Fractional Seconds (divide by 65535)",
                                                                                     "mask": 65535,
                                                                                "max_value": 65535,
                                                                                 "shift_by": 0,
                                                                                   "suffix": "",
                                                                                     "type": "integer"
                                                        } ]
                                    },
                       "LAT_Z_DIR": {
                                            "category": "Position",
                                        "control_type": "display",
                                         "description": "Latitude Direction",
                                          "identifier": "LAT_Z_DIR",
                                              "inputs": [  ],
                                             "outputs": [ {
                                                                       "address": 1054,
                                                            "address_identifier": "CommonData_LAT_Z_DIR_A",
                                                                   "description": "Latitude Direction",
                                                                    "max_length": 1,
                                                                        "suffix": "",
                                                                          "type": "string"
                                                        } ]
                                    },
                         "LON_DEG": {
                                            "category": "Position",
                                        "control_type": "metadata",
                                         "description": "Longitude Degrees",
                                          "identifier": "LON_DEG",
                                              "inputs": [  ],
                                             "outputs": [ {
                                                                                  "address": 1056,
                                                            "address_mask_shift_identifier": "CommonData_LON_DEG",
                                                                              "description": "Longitude Degrees",
                                                                                     "mask": 16320,
                                                                                "max_value": 180,
                                                                                 "shift_by": 6,
                                                                                   "suffix": "",
                                                                                     "type": "integer"
                                                        } ]
                                    },
                         "LON_SEC": {
                                            "category": "Position",
                                        "control_type": "metadata",
                                         "description": "Longitude Seconds",
                                          "identifier": "LON_SEC",
                                              "inputs": [  ],
                                             "outputs": [ {
                                                                                  "address": 1072,
                                                            "address_mask_shift_identifier": "CommonData_LON_SEC",
                                                                              "description": "Longitude Seconds",
                                                                                     "mask": 16128,
                                                                                "max_value": 59,
                                                                                 "shift_by": 8,
                                                                                   "suffix": "",
                                                                                     "type": "integer"
                                                        } ]
                                    },
                    "LON_SEC_FRAC": {
                                            "category": "Position",
                                        "control_type": "metadata",
                                         "description": "Longitude Fractional Seconds (divide by 65535)",
                                          "identifier": "LON_SEC_FRAC",
                                              "inputs": [  ],
                                             "outputs": [ {
                                                                                  "address": 1074,
                                                                       "address_identifier": "CommonData_LON_SEC_FRAC_A",
                                                            "address_mask_shift_identifier": "CommonData_LON_SEC_FRAC",
                                                                              "description": "Longitude Fractional Seconds (divide by 65535)",
                                                                                     "mask": 65535,
                                                                                "max_value": 65535,
                                                                                 "shift_by": 0,
                                                                                   "suffix": "",
                                                                                     "type": "integer"
                                                        } ]
                                    },
                       "LON_Z_DIR": {
                                            "category": "Position",
                                        "control_type": "display",
                                         "description": "Longitude Direction",
                                          "identifier": "LON_Z_DIR",
                                              "inputs": [  ],
                                             "outputs": [ {
                                                                       "address": 1072,
                                                            "address_identifier": "CommonData_LON_Z_DIR_A",
                                                                   "description": "Longitude Direction",
                                                                    "max_length": 1,
                                                                        "suffix": "",
                                                                          "type": "string"
                                                        } ]
                                    }
                },
       "Speed": {
                    "ANGULAR_VELOCITY_X": {
                                                  "category": "Speed",
                                              "control_type": "display",
                                               "description": "Angular X Velocity",
                                                "identifier": "ANGULAR_VELOCITY_X",
                                                    "inputs": [  ],
                                                   "outputs": [ {
                                                                             "address": 1106,
                                                                  "address_identifier": "CommonData_ANGULAR_VELOCITY_X_A",
                                                                         "description": "Angular X Velocity",
                                                                          "max_length": 6,
                                                                              "suffix": "",
                                                                                "type": "string"
                                                              } ]
                                          },
                    "ANGULAR_VELOCITY_Y": {
                                                  "category": "Speed",
                                              "control_type": "display",
                                               "description": "Angular Y Velocity",
                                                "identifier": "ANGULAR_VELOCITY_Y",
                                                    "inputs": [  ],
                                                   "outputs": [ {
                                                                             "address": 1112,
                                                                  "address_identifier": "CommonData_ANGULAR_VELOCITY_Y_A",
                                                                         "description": "Angular Y Velocity",
                                                                          "max_length": 6,
                                                                              "suffix": "",
                                                                                "type": "string"
                                                              } ]
                                          },
                    "ANGULAR_VELOCITY_Z": {
                                                  "category": "Speed",
                                              "control_type": "display",
                                               "description": "Angular Z Velocity",
                                                "identifier": "ANGULAR_VELOCITY_Z",
                                                    "inputs": [  ],
                                                   "outputs": [ {
                                                                             "address": 1118,
                                                                  "address_identifier": "CommonData_ANGULAR_VELOCITY_Z_A",
                                                                         "description": "Angular Z Velocity",
                                                                          "max_length": 6,
                                                                              "suffix": "",
                                                                                "type": "string"
                                                              } ]
                                          },
                                "G_LOAD": {
                                                  "category": "Speed",
                                              "control_type": "display",
                                               "description": "G Load",
                                                "identifier": "G_LOAD",
                                                    "inputs": [  ],
                                                   "outputs": [ {
                                                                             "address": 1102,
                                                                  "address_identifier": "CommonData_G_LOAD_A",
                                                                         "description": "G Load",
                                                                          "max_length": 4,
                                                                              "suffix": "",
                                                                                "type": "string"
                                                              } ]
                                          },
                                "IAS_EU": {
                                                  "category": "Speed",
                                              "control_type": "display",
                                               "description": "Indicated Airspeed KM H",
                                                "identifier": "IAS_EU",
                                                    "inputs": [  ],
                                                   "outputs": [ {
                                                                             "address": 1060,
                                                                  "address_identifier": "CommonData_IAS_EU_A",
                                                                         "description": "Indicated Airspeed KM H",
                                                                          "max_length": 4,
                                                                              "suffix": "",
                                                                                "type": "string"
                                                              } ]
                                          },
                            "IAS_EU_INT": {
                                                  "category": "Speed",
                                              "control_type": "metadata",
                                               "description": "Indicated Airspeed KM H (Int)",
                                                "identifier": "IAS_EU_INT",
                                                    "inputs": [  ],
                                                   "outputs": [ {
                                                                                        "address": 1068,
                                                                             "address_identifier": "CommonData_IAS_EU_INT_A",
                                                                  "address_mask_shift_identifier": "CommonData_IAS_EU_INT",
                                                                                    "description": "Indicated Airspeed KM H (Int)",
                                                                                           "mask": 65535,
                                                                                      "max_value": 65535,
                                                                                       "shift_by": 0,
                                                                                         "suffix": "",
                                                                                           "type": "integer"
                                                              } ]
                                          },
                                "IAS_US": {
                                                  "category": "Speed",
                                              "control_type": "display",
                                               "description": "Indicated Airspeed KNT",
                                                "identifier": "IAS_US",
                                                    "inputs": [  ],
                                                   "outputs": [ {
                                                                             "address": 1064,
                                                                  "address_identifier": "CommonData_IAS_US_A",
                                                                         "description": "Indicated Airspeed KNT",
                                                                          "max_length": 4,
                                                                              "suffix": "",
                                                                                "type": "string"
                                                              } ]
                                          },
                            "IAS_US_INT": {
                                                  "category": "Speed",
                                              "control_type": "metadata",
                                               "description": "Indicated Airspeed KNT (Int)",
                                                "identifier": "IAS_US_INT",
                                                    "inputs": [  ],
                                                   "outputs": [ {
                                                                                        "address": 1070,
                                                                             "address_identifier": "CommonData_IAS_US_INT_A",
                                                                  "address_mask_shift_identifier": "CommonData_IAS_US_INT",
                                                                                    "description": "Indicated Airspeed KNT (Int)",
                                                                                           "mask": 65535,
                                                                                      "max_value": 65535,
                                                                                       "shift_by": 0,
                                                                                         "suffix": "",
                                                                                           "type": "integer"
                                                              } ]
                                          }
                },
        "Time": {
                          "MISS_TIME": {
                                               "category": "Time",
                                           "control_type": "display",
                                            "description": "Mission Start Time",
                                             "identifier": "MISS_TIME",
                                                 "inputs": [  ],
                                                "outputs": [ {
                                                                          "address": 1080,
                                                               "address_identifier": "CommonData_MISS_TIME_A",
                                                                      "description": "Mission Start Time",
                                                                       "max_length": 8,
                                                                           "suffix": "",
                                                                             "type": "string"
                                                           } ]
                                       },
                           "MOD_TIME": {
                                               "category": "Time",
                                           "control_type": "display",
                                            "description": "Model Time in sec",
                                             "identifier": "MOD_TIME",
                                                 "inputs": [  ],
                                                "outputs": [ {
                                                                          "address": 1088,
                                                               "address_identifier": "CommonData_MOD_TIME_A",
                                                                      "description": "Model Time in sec",
                                                                       "max_length": 6,
                                                                           "suffix": "",
                                                                             "type": "string"
                                                           } ]
                                       },
                    "TIME_MODEL_HIGH": {
                                               "category": "Time",
                                           "control_type": "metadata",
                                            "description": "Model time high bits in hundredth of a second",
                                             "identifier": "TIME_MODEL_HIGH",
                                                 "inputs": [  ],
                                                "outputs": [ {
                                                                                     "address": 1098,
                                                                          "address_identifier": "CommonData_TIME_MODEL_HIGH_A",
                                                               "address_mask_shift_identifier": "CommonData_TIME_MODEL_HIGH",
                                                                                 "description": "Model time high bits in hundredth of a second",
                                                                                        "mask": 65535,
                                                                                   "max_value": 65535,
                                                                                    "shift_by": 0,
                                                                                      "suffix": "",
                                                                                        "type": "integer"
                                                           } ]
                                       },
                     "TIME_MODEL_LOW": {
                                               "category": "Time",
                                           "control_type": "metadata",
                                            "description": "Model time low bits in hundredth of a second",
                                             "identifier": "TIME_MODEL_LOW",
                                                 "inputs": [  ],
                                                "outputs": [ {
                                                                                     "address": 1100,
                                                                          "address_identifier": "CommonData_TIME_MODEL_LOW_A",
                                                               "address_mask_shift_identifier": "CommonData_TIME_MODEL_LOW",
                                                                                 "description": "Model time low bits in hundredth of a second",
                                                                                        "mask": 65535,
                                                                                   "max_value": 65535,
                                                                                    "shift_by": 0,
                                                                                      "suffix": "",
                                                                                        "type": "integer"
                                                           } ]
                                       },
                    "TIME_START_HIGH": {
                                               "category": "Time",
                                           "control_type": "metadata",
                                            "description": "Start time high bits in seconds",
                                             "identifier": "TIME_START_HIGH",
                                                 "inputs": [  ],
                                                "outputs": [ {
                                                                                     "address": 1094,
                                                                          "address_identifier": "CommonData_TIME_START_HIGH_A",
                                                               "address_mask_shift_identifier": "CommonData_TIME_START_HIGH",
                                                                                 "description": "Start time high bits in seconds",
                                                                                        "mask": 65535,
                                                                                   "max_value": 65535,
                                                                                    "shift_by": 0,
                                                                                      "suffix": "",
                                                                                        "type": "integer"
                                                           } ]
                                       },
                     "TIME_START_LOW": {
                                               "category": "Time",
                                           "control_type": "metadata",
                                            "description": "Start time low bits in seconds",
                                             "identifier": "TIME_START_LOW",
                                                 "inputs": [  ],
                                                "outputs": [ {
                                                                                     "address": 1096,
                                                                          "address_identifier": "CommonData_TIME_START_LOW_A",
                                                               "address_mask_shift_identifier": "CommonData_TIME_START_LOW",
                                                                                 "description": "Start time low bits in seconds",
                                                                                        "mask": 65535,
                                                                                   "max_value": 65535,
                                                                                    "shift_by": 0,
                                                                                      "suffix": "",
                                                                                        "type": "integer"
                                                           } ]
                                       }
                }
}